[
  {
    "email": "a@a.a",
    "username": "jioh",
    "firstName": "ewq",
    "lastName": "yui",
    "city": "yui",
    "street": "yui",
    "number": "123",
    "zipcode": "123",
    "password": "$2b$10$7uwbmC0QPu1xzHGRjS4Ed.sjG2BMQLsy24pNkmcdXOet91Yy2iWtK",
    "id": 0
  },
  {
    "email": "asa@a.a",
    "username": "user",
    "firstName": "ewq",
    "lastName": "yui",
    "city": "yui",
    "street": "yui",
    "number": "123",
    "zipcode": "123",
    "password": "$2b$10$Op6D44P64F5NHRz.0T4mhuE.4KkOhETKsEfCZYb5QRjunGxdDOI4m",
    "id": 1
  }
]